experiment_id,split_name,grouping_rule,seed,checkpoint_path,prediction_file,accuracy,macro_f1,macro_roc_auc,macro_pr_auc,balanced_accuracy,ece,brier_score,date_completed,code_commit,notes
released_split_leakage_audit,Released split,image-level (as released; not group-aware),n/a,n/a,outputs/phase0/leakage_check.json,0.9878,,,,,,,,,leakage_check.json; 93.2% of validation images had a near-duplicate in training (pHash Hamming<=8); accuracy_full_val=0.9878; accuracy_clean_val_only (218 truly clean images)=0.9862
stage1_dedupe_seed7,Stage 1 near-duplicate component-separated split,pHash connected-component cluster-level split,7,outputs/seeds/seed_7/centralized.pt,outputs/seeds/seed_7/centralized.json,0.9264015033,0.9259658565,0.9957101289,,,,,,,traceable to outputs/seeds/seed_7/centralized.json
stage1_dedupe_seed42,Stage 1 near-duplicate component-separated split,pHash connected-component cluster-level split,42,outputs/seeds/seed_42/centralized.pt,outputs/seeds/seed_42/centralized.json,0.9304729095,0.9303426338,0.9965454833,,,,,,,"traceable to outputs/seeds/seed_42/centralized.json; this is the Stage 1 primary/headline seed reported in Table 3 (macro-F1 0.9303, AUC 0.9965) and used for classification_summary.json, calibration.json, faithfulness.json, stability.json, shortcut_audit.json"
stage1_dedupe_seed123,Stage 1 near-duplicate component-separated split,pHash connected-component cluster-level split,123,outputs/seeds/seed_123/centralized.pt,outputs/seeds/seed_123/centralized.json,0.9060444723,0.9058117194,0.9922569928,,,,,,,traceable to outputs/seeds/seed_123/centralized.json
stage1_dedupe_3seed_mean,Stage 1 near-duplicate component-separated split,pHash connected-component cluster-level split,"7,42,123 (mean)",n/a,outputs/seeds/aggregate.json,0.9209729617,0.9207067366,0.9948375350,,,,,,,"mean +/- std (n=3): accuracy 0.9210+/-0.0131, macro-F1 0.9207+/-0.0131, macro-AUC 0.9948+/-0.0023; traceable to outputs/seeds/aggregate.json (centralized summary)"
stage2_session_corrected_single_run,Stage 2 filename-prefix group-separated internal-validation split,session/filename-prefix group-level split (no group crosses train/val),unspecified (diagnostic run),n/a,outputs/phase0/session_leakage_check_report.json,0.2959115282,0.2852525077,0.7015915422,,,,,,,"traceable to outputs/phase0/session_leakage_check_report.json; single diagnostic training run produced alongside the session-leakage audit itself, NOT a multi-seed mean; this is the paper's headline Stage 2 number and is independently confirmed by stage2_session_corrected_3seed_mean below"
stage2_session_corrected_seed7,Stage 2 filename-prefix group-separated internal-validation split,session/filename-prefix group-level split (no group crosses train/val),7,outputs/session_corrected/seed_7/primary.pt,outputs/session_corrected/seed_7/primary_metrics.json,0.3689678284,0.3717316765,0.7720904013,,,,,,,traceable to outputs/session_corrected/seed_7/primary_metrics.json
stage2_session_corrected_seed42,Stage 2 filename-prefix group-separated internal-validation split,session/filename-prefix group-level split (no group crosses train/val),42,outputs/session_corrected/seed_42/primary.pt,outputs/session_corrected/seed_42/primary_metrics.json,0.3099865952,0.2943896606,0.7351375517,,,,,,,"traceable to outputs/session_corrected/seed_42/primary_metrics.json; this is the Stage 2 primary/headline seed reported in Section 4.5 (31.00% accuracy, 0.2944 macro-F1, 0.7351 macro-AUC)"
stage2_session_corrected_seed123,Stage 2 filename-prefix group-separated internal-validation split,session/filename-prefix group-level split (no group crosses train/val),123,outputs/session_corrected/seed_123/primary.pt,outputs/session_corrected/seed_123/primary_metrics.json,0.3233914209,0.3221085612,0.7387057443,,,,,,,traceable to outputs/session_corrected/seed_123/primary_metrics.json
stage2_session_corrected_3seed_mean_SUPERSEDED,Stage 2 filename-prefix group-separated internal-validation split,session/filename-prefix group-level split (no group crosses train/val),"7,42,123 (mean)",n/a,outputs/session_corrected/multiseed_summary.json,0.3341152815,0.3294099661,0.7486445658,,,,,,,"SUPERSEDED by stage2_session_corrected_5seed_mean below (multiseed_summary.json was overwritten to n=5); kept here only for the paper's already-published 3-seed footnote text (0.3341+/-0.0252, per-seed 0.3100-0.3690), which should be updated to the 5-seed figure in the next manuscript pass"
stage2_session_corrected_seed2026,Stage 2 filename-prefix group-separated internal-validation split,session/filename-prefix group-level split (no group crosses train/val),2026,outputs/session_corrected/seed_2026/primary.pt,outputs/session_corrected/seed_2026/primary_metrics.json,0.3639410188,0.3400091837,0.7712623246,,,,,,,"traceable to outputs/session_corrected/seed_2026/primary_metrics.json; trained this pass to extend the Stage 2 replication from 3 to 5 seeds per Phase 3.1's minimum"
stage2_session_corrected_seed2027,Stage 2 filename-prefix group-separated internal-validation split,session/filename-prefix group-level split (no group crosses train/val),2027,outputs/session_corrected/seed_2027/primary.pt,outputs/session_corrected/seed_2027/primary_metrics.json,0.3820375335,0.3746827435,0.8014961626,,,,,,,traceable to outputs/session_corrected/seed_2027/primary_metrics.json
stage2_session_corrected_5seed_mean,Stage 2 filename-prefix group-separated internal-validation split,session/filename-prefix group-level split (no group crosses train/val),"7,42,123,2026,2027 (mean)",n/a,outputs/session_corrected/multiseed_summary.json,0.3496648794,0.3405843651,0.7637384369,,,,,,,"mean +/- std (n=5): accuracy 0.3497+/-0.0279, macro-F1 0.3406+/-0.0304, macro-AUC 0.7637+/-0.0245; per-seed range 0.3100-0.3820; traceable to outputs/session_corrected/multiseed_summary.json (current, n=5); this is the CURRENT headline Stage-2 multi-seed figure and should replace the 3-seed 0.3341+/-0.0252 figure in the manuscript"
stage2_seed42_replicate1,Stage 2 filename-prefix group-separated internal-validation split (replicate run at seed 42),session/filename-prefix group-level split (no group crosses train/val),42 (replicate_1),outputs/session_corrected/seed_42/replicate_1.pt,outputs/session_corrected/seed_42/replicate_1_metrics.json,0.3270777480,0.3238044168,0.7407724200,,,,,,,traceable to outputs/session_corrected/seed_42/replicate_1_metrics.json; run-to-run replication at fixed seed 42 with different data-loader shuffling
stage2_seed42_replicate2,Stage 2 filename-prefix group-separated internal-validation split (replicate run at seed 42),session/filename-prefix group-level split (no group crosses train/val),42 (replicate_2),outputs/session_corrected/seed_42/replicate_2.pt,outputs/session_corrected/seed_42/replicate_2_metrics.json,0.3247319035,0.3225557207,0.7439429104,,,,,,,traceable to outputs/session_corrected/seed_42/replicate_2_metrics.json
stage2_seed42_replicate3,Stage 2 filename-prefix group-separated internal-validation split (replicate run at seed 42),session/filename-prefix group-level split (no group crosses train/val),42 (replicate_3),outputs/session_corrected/seed_42/replicate_3.pt,outputs/session_corrected/seed_42/replicate_3_metrics.json,0.2965817694,0.2763281864,0.7158228952,,,,,,,traceable to outputs/session_corrected/seed_42/replicate_3_metrics.json
stage1_calibration_seed42,Stage 1 near-duplicate component-separated split,pHash connected-component cluster-level split,42,n/a,outputs/phase0/calibration.json,0.9318323731,,,,,0.0090560910,0.1059766710,,,"temperature T=1.4683 fit on n_calib=1594 half; evaluated on held-out n_test=1599 half; ece_before=0.0339 -> ece_after=0.0091; brier_before=0.1091 -> brier_after=0.1060; traceable to outputs/phase0/calibration.json"
stage1_batch_id_diagnostic_carcinoma,"Batch-ID diagnostic (single disease label, Carcinoma only)",acquisition-batch classification within one fixed disease label,n/a,n/a,outputs/phase0/batch_id_diagnostic.json,1.0,,,,,,,,,"10-way batch/session discrimination restricted to 08_carcinoma; chance_accuracy=0.10; accuracy_over_chance=10.0x; n_train=629, n_val=271; traceable to outputs/phase0/batch_id_diagnostic.json; NOT a disease-classification result, a shortcut-mechanism diagnostic"
stage1_shortcut_margin_crop_seed42,Stage 1 near-duplicate component-separated split (margin-crop ablation),pHash connected-component cluster-level split,42,n/a,outputs/phase0/shortcut_audit.json,0.7121829001,0.7039065676,,,,,,,,"accuracy_full=0.9305 -> accuracy_cropped=0.7122 (delta -0.2183) under outer-12% margin crop; border_energy_mean=0.2178 (Grad-CAM++ mass in a ring covering 41.0% of frame area); traceable to outputs/phase0/shortcut_audit.json; margin-dependence test only, not a complete shortcut audit"
stage1_group_aware_stats_seed7,Stage 1 near-duplicate component-separated split (group-aware uncertainty check),pHash connected-component cluster-level split; group bootstrap by filename-prefix,7,n/a,outputs/phase0/group_aware_statistics.json,0.9264015033,0.9259658565,,0.9797177703,0.9284495502,,,,,"traceable to outputs/phase0/group_aware_statistics.json; group-aware 95% CI width for accuracy = 0.0513 (0.8997-0.9510) vs. image-level CI width = 0.0179 (0.9173-0.9352), i.e. ~2.9x wider once within-group correlation is accounted for; n_groups=209 over n_val=3193 images"
stage1_group_aware_stats_seed42,Stage 1 near-duplicate component-separated split (group-aware uncertainty check),pHash connected-component cluster-level split; group bootstrap by filename-prefix,42,n/a,outputs/phase0/group_aware_statistics.json,0.9304729095,0.9303426338,,0.9805034527,0.9294667487,,,,,"traceable to outputs/phase0/group_aware_statistics.json; group-aware 95% CI width for accuracy = 0.0456 (0.9070-0.9526) vs. image-level CI width = 0.0169 (0.9217-0.9386), i.e. ~2.7x wider; n_groups=209"
stage1_group_aware_stats_seed123,Stage 1 near-duplicate component-separated split (group-aware uncertainty check),pHash connected-component cluster-level split; group bootstrap by filename-prefix,123,n/a,outputs/phase0/group_aware_statistics.json,0.9060444723,0.9058117194,,0.9684746498,0.9086117121,,,,,"traceable to outputs/phase0/group_aware_statistics.json; group-aware 95% CI width for accuracy = 0.0537 (0.8766-0.9303) vs. image-level CI width = 0.0200 (0.8954-0.9154), i.e. ~2.7x wider; n_groups=209"
