component_size,component_diameter_hamming,classes,file_list,manual_review_category
6,16,01_gallstones;02_abdomen_and_retroperitoneum,a1 (1).jpg;a1 (2).jpg;a1 (3).jpg;b6 (19).jpg;b6 (20).jpg;b6 (21).jpg,UNREVIEWED
6,18,01_gallstones;09_various_causes_of_gallbladder_wall_thickening,a12 (16).jpg;a12 (17).jpg;a12 (18).jpg;i15 (22).jpg;i15 (23).jpg;i15 (24).jpg,UNREVIEWED
6,12,01_gallstones;03_cholecystitis,a19 (37).jpg;a19 (38).jpg;a19 (39).jpg;c11 (25).jpg;c11 (26).jpg;c11 (27).jpg,UNREVIEWED
9,14,01_gallstones;05_perforation,a26 (13).jpg;a26 (14).jpg;a26 (15).jpg;e11 (25).jpg;e11 (26).jpg;e11 (27).jpg;e11 (37).jpg;e11 (38).jpg;e11 (39).jpg,UNREVIEWED
6,14,01_gallstones;08_carcinoma,a32 (130).jpg;a32 (131).jpg;a32 (132).jpg;h19 (16).jpg;h19 (17).jpg;h19 (18).jpg,UNREVIEWED
9,14,02_abdomen_and_retroperitoneum;07_adenomyomatosis,b12 (49).jpg;b12 (50).jpg;b12 (51).jpg;b12 (52).jpg;b12 (53).jpg;b12 (54).jpg;g16 (7).jpg;g16 (8).jpg;g16 (9).jpg,UNREVIEWED
9,14,02_abdomen_and_retroperitoneum;05_perforation,b2 (49).jpg;b2 (50).jpg;b2 (51).jpg;b2 (52).jpg;b2 (53).jpg;b2 (54).jpg;e17 (19).jpg;e17 (20).jpg;e17 (21).jpg,UNREVIEWED
6,12,02_abdomen_and_retroperitoneum;08_carcinoma,b20 (1).jpg;b20 (2).jpg;b20 (3).jpg;h19 (28).jpg;h19 (29).jpg;h19 (30).jpg,UNREVIEWED
6,14,02_abdomen_and_retroperitoneum;08_carcinoma,b20 (16).jpg;b20 (17).jpg;b20 (18).jpg;h17 (19).jpg;h17 (20).jpg;h17 (21).jpg,UNREVIEWED
9,12,03_cholecystitis;05_perforation,c18 (28).jpg;c18 (29).jpg;c18 (30).jpg;c18 (34).jpg;c18 (35).jpg;c18 (36).jpg;e19 (40).jpg;e19 (41).jpg;e19 (42).jpg,UNREVIEWED
6,12,03_cholecystitis;06_polyps_and_cholesterol_crystals,c2 (1).jpg;c2 (2).jpg;c2 (3).jpg;f17 (19).jpg;f17 (20).jpg;f17 (21).jpg,UNREVIEWED
9,16,03_cholecystitis;04_membranous_and_gangrenous_cholecystitis,c2 (22).jpg;c2 (23).jpg;c2 (24).jpg;d13 (43).jpg;d13 (44).jpg;d13 (45).jpg;d13 (46).jpg;d13 (47).jpg;d13 (48).jpg,UNREVIEWED
6,12,03_cholecystitis;05_perforation,c20 (13).jpg;c20 (14).jpg;c20 (15).jpg;e3 (7).jpg;e3 (8).jpg;e3 (9).jpg,UNREVIEWED
9,12,03_cholecystitis;04_membranous_and_gangrenous_cholecystitis,c24 (28).jpg;c24 (29).jpg;c24 (30).jpg;d9 (13).jpg;d9 (14).jpg;d9 (15).jpg;d9 (16).jpg;d9 (17).jpg;d9 (18).jpg,UNREVIEWED
6,14,03_cholecystitis;08_carcinoma,c28 (10).jpg;c28 (11).jpg;c28 (12).jpg;h24 (40).jpg;h24 (41).jpg;h24 (42).jpg,UNREVIEWED
12,16,03_cholecystitis;06_polyps_and_cholesterol_crystals;09_various_causes_of_gallbladder_wall_thickening,c4 (22).jpg;c4 (23).jpg;c4 (24).jpg;f11 (10).jpg;f11 (11).jpg;f11 (12).jpg;f11 (7).jpg;f11 (8).jpg;f11 (9).jpg;i3 (28).jpg;i3 (29).jpg;i3 (30).jpg,UNREVIEWED
6,12,03_cholecystitis;05_perforation,c7 (1).jpg;c7 (2).jpg;c7 (3).jpg;e2 (22).jpg;e2 (23).jpg;e2 (24).jpg,UNREVIEWED
6,12,03_cholecystitis;05_perforation,c9 (13).jpg;c9 (14).jpg;c9 (15).jpg;e14 (1).jpg;e14 (2).jpg;e14 (3).jpg,UNREVIEWED
9,10,04_membranous_and_gangrenous_cholecystitis;05_perforation,d10 (1).jpg;d10 (2).jpg;d10 (3).jpg;d10 (4).jpg;d10 (5).jpg;d10 (6).jpg;e4 (1).jpg;e4 (2).jpg;e4 (3).jpg,UNREVIEWED
27,22,06_polyps_and_cholesterol_crystals;08_carcinoma,f1 (1).jpg;f1 (13).jpg;f1 (14).jpg;f1 (15).jpg;f1 (16).jpg;f1 (17).jpg;f1 (18).jpg;f1 (2).jpg;f1 (25).jpg;f1 (26).jpg;f1 (27).jpg;f1 (28).jpg;f1 (29).jpg;f1 (3).jpg;f1 (30).jpg;f1 (37).jpg;f1 (38).jpg;f1 (39).jpg;f1 (4).jpg;f1 (40).jpg;f1 (41).jpg;f1 (42).jpg;f1 (5).jpg;f1 (6).jpg;h2 (13).jpg;h2 (14).jpg;h2 (15).jpg,UNREVIEWED
27,24,06_polyps_and_cholesterol_crystals;08_carcinoma,f1 (10).jpg;f1 (11).jpg;f1 (12).jpg;f1 (19).jpg;f1 (20).jpg;f1 (21).jpg;f1 (22).jpg;f1 (23).jpg;f1 (24).jpg;f1 (31).jpg;f1 (32).jpg;f1 (33).jpg;f1 (34).jpg;f1 (35).jpg;f1 (36).jpg;f1 (43).jpg;f1 (44).jpg;f1 (45).jpg;f1 (46).jpg;f1 (47).jpg;f1 (48).jpg;f1 (7).jpg;f1 (8).jpg;f1 (9).jpg;h2 (16).jpg;h2 (17).jpg;h2 (18).jpg,UNREVIEWED
9,12,06_polyps_and_cholesterol_crystals;08_carcinoma,f16 (10).jpg;f16 (11).jpg;f16 (12).jpg;f16 (4).jpg;f16 (5).jpg;f16 (6).jpg;h23 (25).jpg;h23 (26).jpg;h23 (27).jpg,UNREVIEWED
15,18,06_polyps_and_cholesterol_crystals;08_carcinoma;09_various_causes_of_gallbladder_wall_thickening,f16 (13).jpg;f16 (14).jpg;f16 (15).jpg;h23 (37).jpg;h23 (38).jpg;h23 (39).jpg;h23 (61).jpg;h23 (62).jpg;h23 (63).jpg;h23 (67).jpg;h23 (68).jpg;h23 (69).jpg;i15 (19).jpg;i15 (20).jpg;i15 (21).jpg,UNREVIEWED
12,14,06_polyps_and_cholesterol_crystals;08_carcinoma,f16 (16).jpg;f16 (17).jpg;f16 (18).jpg;h23 (40).jpg;h23 (41).jpg;h23 (42).jpg;h23 (64).jpg;h23 (65).jpg;h23 (66).jpg;h23 (70).jpg;h23 (71).jpg;h23 (72).jpg,UNREVIEWED
6,14,07_adenomyomatosis;09_various_causes_of_gallbladder_wall_thickening,g13 (7).jpg;g13 (8).jpg;g13 (9).jpg;i21 (7).jpg;i21 (8).jpg;i21 (9).jpg,UNREVIEWED
6,12,01_gallstones;07_adenomyomatosis,a19 (22).jpg;a19 (23).jpg;a19 (24).jpg;g27 (40).jpg;g27 (41).jpg;g27 (42).jpg,UNREVIEWED
18,26,01_gallstones;02_abdomen_and_retroperitoneum;04_membranous_and_gangrenous_cholecystitis;05_perforation,a2 (16).jpg;a2 (17).jpg;a2 (18).jpg;b9 (19).jpg;b9 (20).jpg;b9 (21).jpg;b9 (22).jpg;b9 (23).jpg;b9 (24).jpg;d2 (10).jpg;d2 (11).jpg;d2 (12).jpg;d2 (7).jpg;d2 (8).jpg;d2 (9).jpg;e4 (31).jpg;e4 (32).jpg;e4 (33).jpg,UNREVIEWED
9,16,01_gallstones;03_cholecystitis,a23 (1).jpg;a23 (2).jpg;a23 (3).jpg;c24 (1).jpg;c24 (2).jpg;c24 (3).jpg;c24 (31).jpg;c24 (32).jpg;c24 (33).jpg,UNREVIEWED
9,12,02_abdomen_and_retroperitoneum;07_adenomyomatosis,b12 (55).jpg;b12 (56).jpg;b12 (57).jpg;b12 (58).jpg;b12 (59).jpg;b12 (60).jpg;g16 (10).jpg;g16 (11).jpg;g16 (12).jpg,UNREVIEWED
9,18,02_abdomen_and_retroperitoneum;05_perforation,b2 (55).jpg;b2 (56).jpg;b2 (57).jpg;b2 (58).jpg;b2 (59).jpg;b2 (60).jpg;e17 (22).jpg;e17 (23).jpg;e17 (24).jpg,UNREVIEWED
6,12,02_abdomen_and_retroperitoneum;08_carcinoma,b20 (13).jpg;b20 (14).jpg;b20 (15).jpg;h17 (22).jpg;h17 (23).jpg;h17 (24).jpg,UNREVIEWED
9,16,03_cholecystitis;05_perforation,c9 (10).jpg;c9 (11).jpg;c9 (12).jpg;c9 (16).jpg;c9 (17).jpg;c9 (18).jpg;e14 (4).jpg;e14 (5).jpg;e14 (6).jpg,UNREVIEWED
9,12,04_membranous_and_gangrenous_cholecystitis;05_perforation,d10 (10).jpg;d10 (11).jpg;d10 (12).jpg;d10 (7).jpg;d10 (8).jpg;d10 (9).jpg;e4 (4).jpg;e4 (5).jpg;e4 (6).jpg,UNREVIEWED
9,12,04_membranous_and_gangrenous_cholecystitis;08_carcinoma,d11 (73).jpg;d11 (74).jpg;d11 (75).jpg;d11 (76).jpg;d11 (77).jpg;d11 (78).jpg;h27 (1).jpg;h27 (2).jpg;h27 (3).jpg,UNREVIEWED
9,14,06_polyps_and_cholesterol_crystals;08_carcinoma,f16 (1).jpg;f16 (2).jpg;f16 (3).jpg;f16 (7).jpg;f16 (8).jpg;f16 (9).jpg;h23 (28).jpg;h23 (29).jpg;h23 (30).jpg,UNREVIEWED
6,8,07_adenomyomatosis;09_various_causes_of_gallbladder_wall_thickening,g14 (1).jpg;g14 (2).jpg;g14 (3).jpg;i6 (7).jpg;i6 (8).jpg;i6 (9).jpg,UNREVIEWED
6,10,07_adenomyomatosis;09_various_causes_of_gallbladder_wall_thickening,g14 (4).jpg;g14 (5).jpg;g14 (6).jpg;i6 (10).jpg;i6 (11).jpg;i6 (12).jpg,UNREVIEWED
